,_id,ts_code,trade_date,open,high,low,close,pre_close,change,pct_chg,vol,amount
0,5d67094db819aa4fe202f318,601228.SH,20170329,2.75,3.3,2.75,3.3,2.29,1.01,44.1,1589.38,522.625
1,5d67094db819aa4fe202f317,601228.SH,20170330,3.63,3.63,3.63,3.63,3.3,0.33,10.0,1106.34,401.601
2,5d67094db819aa4fe202f316,601228.SH,20170331,3.99,3.99,3.99,3.99,3.63,0.36,9.92,1681.52,670.926
3,5d67094db819aa4fe202f315,601228.SH,20170405,4.39,4.39,4.39,4.39,3.99,0.4,10.03,1234.5,541.946
4,5d67094db819aa4fe202f314,601228.SH,20170406,4.83,4.83,4.83,4.83,4.39,0.44,10.02,1740.45,840.637
5,5d67094db819aa4fe202f313,601228.SH,20170407,5.31,5.31,5.31,5.31,4.83,0.48,9.94,3328.29,1767.322
6,5d67094db819aa4fe202f312,601228.SH,20170410,5.84,5.84,5.84,5.84,5.31,0.53,9.98,4209.58,2458.395
7,5d67094db819aa4fe202f311,601228.SH,20170411,6.42,6.42,6.42,6.42,5.84,0.58,9.93,6359.5,4082.799
8,5d67094db819aa4fe202f310,601228.SH,20170412,7.06,7.06,7.06,7.06,6.42,0.64,9.97,4577.35,3231.609
9,5d67094db819aa4fe202f30f,601228.SH,20170413,7.77,7.77,7.77,7.77,7.06,0.71,10.06,6991.91,5432.714
10,5d67094db819aa4fe202f30e,601228.SH,20170414,8.55,8.55,8.55,8.55,7.77,0.78,10.04,17456.87,14925.624
11,5d67094db819aa4fe202f30d,601228.SH,20170417,9.41,9.41,9.41,9.41,8.55,0.86,10.06,359937.42,338701.112
12,5d67094db819aa4fe202f30c,601228.SH,20170418,9.8,10.35,9.58,10.35,9.41,0.94,9.99,2793300.72,2829817.687
13,5d67094db819aa4fe202f30b,601228.SH,20170419,10.5,11.18,9.91,10.04,10.35,-0.31,-3.0,3669287.25,3846827.068
14,5d67094db819aa4fe202f30a,601228.SH,20170420,9.81,11.04,9.52,10.82,10.04,0.78,7.77,3334948.72,3543045.108
15,5d67094db819aa4fe202f309,601228.SH,20170421,10.25,10.38,9.74,9.74,10.82,-1.08,-9.98,2488976.89,2476643.204
16,5d67094db819aa4fe202f308,601228.SH,20170424,9.08,9.19,8.77,8.77,9.74,-0.97,-9.96,1155221.77,1020886.549
17,5d67094db819aa4fe202f307,601228.SH,20170425,8.44,9.25,8.43,8.82,8.77,0.05,0.57,1552597.78,1381005.725
18,5d67094db819aa4fe202f306,601228.SH,20170426,8.74,9.39,8.73,9.36,8.82,0.54,6.12,1788887.29,1621157.722
19,5d67094db819aa4fe202f305,601228.SH,20170427,9.2,10.3,9.02,10.3,9.36,0.94,10.04,2837599.18,2795822.705
20,5d67094db819aa4fe202f304,601228.SH,20170428,10.2,10.36,9.91,10.07,10.3,-0.23,-2.23,2046101.03,2068399.841
21,5d67094db819aa4fe202f303,601228.SH,20170502,10.11,10.59,10.02,10.19,10.07,0.12,1.19,1654534.26,1691865.086
22,5d67094db819aa4fe202f302,601228.SH,20170503,10.35,11.21,10.25,11.21,10.19,1.02,10.01,2701518.3,2947960.595
23,5d67094db819aa4fe202f301,601228.SH,20170504,10.95,11.62,10.55,11.29,11.21,0.08,0.71,2806973.77,3085471.584
24,5d67094db819aa4fe202f300,601228.SH,20170505,11.0,11.27,10.18,10.23,11.29,-1.06,-9.39,2026783.81,2180985.061
25,5d67094db819aa4fe202f2ff,601228.SH,20170508,10.0,10.23,9.36,9.46,10.23,-0.77,-7.53,1517149.61,1480065.299
26,5d67094db819aa4fe202f2fe,601228.SH,20170509,9.4,9.89,9.24,9.87,9.46,0.41,4.33,1179607.59,1139167.727
27,5d67094db819aa4fe202f2fd,601228.SH,20170510,9.92,10.09,9.31,9.35,9.87,-0.52,-5.27,1343695.07,1298415.309
28,5d67094db819aa4fe202f2fc,601228.SH,20170511,9.05,9.85,8.8,9.73,9.35,0.38,4.06,1300735.09,1214425.34
29,5d67094db819aa4fe202f2fb,601228.SH,20170512,9.61,10.45,9.42,10.12,9.73,0.39,4.01,1916717.98,1924594.904
30,5d67094db819aa4fe202f2fa,601228.SH,20170515,10.12,10.32,9.78,9.84,10.12,-0.28,-2.77,1441273.43,1447834.669
31,5d67094db819aa4fe202f2f9,601228.SH,20170516,9.63,9.91,9.28,9.87,9.84,0.03,0.3,1184150.71,1141706.901
32,5d67094db819aa4fe202f2f8,601228.SH,20170517,9.76,10.78,9.69,10.32,9.87,0.45,4.56,2050265.14,2110528.081
33,5d67094db819aa4fe202f2f7,601228.SH,20170518,10.06,10.35,9.93,10.0,10.32,-0.32,-3.1,1206196.99,1219947.47
34,5d67094db819aa4fe202f2f6,601228.SH,20170519,9.92,10.2,9.7,9.85,10.0,-0.15,-1.5,898539.55,893684.652
35,5d67094db819aa4fe202f2f5,601228.SH,20170522,9.75,9.83,9.16,9.22,9.85,-0.63,-6.4,972653.82,918794.844
36,5d67094db819aa4fe202f2f4,601228.SH,20170523,9.24,9.48,8.94,9.11,9.22,-0.11,-1.19,799828.27,738502.069
37,5d67094db819aa4fe202f2f3,601228.SH,20170524,9.12,9.39,8.67,9.28,9.11,0.17,1.87,888499.7,808091.432
38,5d67094db819aa4fe202f2f2,601228.SH,20170525,9.17,9.25,8.97,9.13,9.28,-0.15,-1.62,739516.97,673650.764
39,5d67094db819aa4fe202f2f1,601228.SH,20170526,9.14,9.3,9.08,9.1,9.13,-0.03,-0.33,571779.68,524253.221
40,5d67094db819aa4fe202f2f0,601228.SH,20170531,9.35,9.43,9.12,9.15,9.1,0.05,0.55,676939.94,627926.715
41,5d67094db819aa4fe202f2ef,601228.SH,20170601,8.99,8.99,8.39,8.44,9.15,-0.71,-7.76,861659.27,751621.353
42,5d67094db819aa4fe202f2ee,601228.SH,20170602,8.25,8.5,8.02,8.37,8.44,-0.07,-0.83,695679.1,572979.263
43,5d67094db819aa4fe202f2ed,601228.SH,20170605,8.43,8.51,8.32,8.39,8.37,0.02,0.24,408235.1,343666.744
44,5d67094db819aa4fe202f2ec,601228.SH,20170606,8.31,8.52,8.24,8.46,8.39,0.07,0.83,459997.31,387721.69
45,5d67094db819aa4fe202f2eb,601228.SH,20170607,8.48,9.1,8.4,8.94,8.46,0.48,5.67,1092371.04,961378.699
46,5d67094db819aa4fe202f2ea,601228.SH,20170608,8.89,9.39,8.88,9.12,8.94,0.18,2.01,1334530.5,1220147.675
47,5d67094db819aa4fe202f2e9,601228.SH,20170609,9.0,9.09,8.77,8.88,9.12,-0.24,-2.63,769482.07,684534.442
48,5d67094db819aa4fe202f2e8,601228.SH,20170612,8.78,9.12,8.73,8.74,8.88,-0.14,-1.58,674907.79,602649.682
49,5d67094db819aa4fe202f2e7,601228.SH,20170613,8.64,8.96,8.63,8.93,8.74,0.19,2.17,651201.4,577591.629
50,5d67094db819aa4fe202f2e6,601228.SH,20170614,8.93,9.28,8.85,8.89,8.93,-0.04,-0.45,692700.89,625122.039
51,5d67094db819aa4fe202f2e5,601228.SH,20170615,8.79,9.28,8.72,9.07,8.89,0.18,2.02,926844.37,835221.671
52,5d67094db819aa4fe202f2e4,601228.SH,20170616,9.0,9.2,8.91,9.04,9.07,-0.03,-0.33,742401.28,672853.779
53,5d67094db819aa4fe202f2e3,601228.SH,20170619,9.07,9.22,9.04,9.08,9.04,0.04,0.44,558295.8,508405.145
54,5d67094db819aa4fe202f2e2,601228.SH,20170620,9.08,9.18,8.95,9.1,9.08,0.02,0.22,691774.52,625764.877
55,5d67094db819aa4fe202f2e1,601228.SH,20170621,9.08,9.08,8.9,8.96,9.1,-0.14,-1.54,462203.72,415328.013
56,5d67094db819aa4fe202f2e0,601228.SH,20170622,8.95,9.0,8.6,8.62,8.96,-0.34,-3.79,541168.89,477653.369
57,5d67094db819aa4fe202f2df,601228.SH,20170623,8.63,8.73,8.36,8.6,8.62,-0.02,-0.23,458237.49,392128.648
58,5d67094db819aa4fe202f2de,601228.SH,20170626,8.6,8.66,8.55,8.64,8.6,0.04,0.47,266990.74,229834.256
59,5d67094db819aa4fe202f2dd,601228.SH,20170627,8.65,8.95,8.65,8.81,8.64,0.17,1.97,607124.47,536938.6
60,5d67094db819aa4fe202f2dc,601228.SH,20170628,8.74,8.75,8.6,8.65,8.81,-0.16,-1.82,352576.26,305282.385
61,5d67094db819aa4fe202f2db,601228.SH,20170629,8.75,8.82,8.64,8.67,8.65,0.02,0.23,297596.64,258915.667
62,5d67094db819aa4fe202f2da,601228.SH,20170630,8.67,8.68,8.55,8.62,8.67,-0.05,-0.58,244749.85,210734.668
63,5d67094db819aa4fe202f2d9,601228.SH,20170703,8.69,8.69,8.38,8.55,8.62,-0.07,-0.81,369510.69,314218.864
64,5d67094db819aa4fe202f2d8,601228.SH,20170704,8.53,8.53,8.4,8.43,8.55,-0.12,-1.4,300538.75,253670.54
65,5d67094db819aa4fe202f2d7,601228.SH,20170705,8.43,8.5,8.38,8.47,8.43,0.04,0.47,269914.48,228090.747
66,5d67094db819aa4fe202f2d6,601228.SH,20170706,8.45,8.74,8.4,8.55,8.47,0.08,0.94,475915.05,406802.392
67,5d67094db819aa4fe202f2d5,601228.SH,20170707,8.49,8.6,8.44,8.51,8.55,-0.04,-0.47,327055.96,278023.6
68,5d67094db819aa4fe202f2d4,601228.SH,20170710,8.44,8.47,8.38,8.39,8.51,-0.12,-1.41,321167.94,270286.013
69,5d67094db819aa4fe202f2d3,601228.SH,20170711,8.39,8.57,8.39,8.42,8.39,0.03,0.36,352614.14,298586.394
70,5d67094db819aa4fe202f2d2,601228.SH,20170712,8.38,8.4,8.12,8.26,8.42,-0.16,-1.9,374633.43,308617.562
71,5d67094db819aa4fe202f2d1,601228.SH,20170713,8.24,8.25,8.15,8.2,8.26,-0.06,-0.73,224478.27,183961.777
72,5d67094db819aa4fe202f2d0,601228.SH,20170714,8.16,8.24,8.12,8.13,8.2,-0.07,-0.85,178323.51,145668.519
73,5d67094db819aa4fe202f2cf,601228.SH,20170717,8.13,8.13,7.3,7.3,8.11,-0.81,-9.99,489209.49,369728.079
74,5d67094db819aa4fe202f2ce,601228.SH,20170718,7.27,7.28,7.01,7.2,7.3,-0.1,-1.37,323306.77,230767.627
75,5d67094db819aa4fe202f2cd,601228.SH,20170719,7.17,7.35,7.09,7.3,7.2,0.1,1.39,349946.31,252026.557
76,5d67094db819aa4fe202f2cc,601228.SH,20170720,7.28,7.34,7.19,7.21,7.3,-0.09,-1.23,265367.17,192903.113
77,5d67094db819aa4fe202f2cb,601228.SH,20170721,7.22,7.23,7.09,7.1,7.21,-0.11,-1.53,238371.08,170167.35
78,5d67094db819aa4fe202f2ca,601228.SH,20170724,7.1,7.19,7.04,7.14,7.1,0.04,0.56,226137.66,161085.259
79,5d67094db819aa4fe202f2c9,601228.SH,20170725,7.13,7.17,7.05,7.08,7.14,-0.06,-0.84,204127.97,144840.505
80,5d67094db819aa4fe202f2c8,601228.SH,20170726,7.06,7.1,6.9,6.94,7.08,-0.14,-1.98,293613.28,205156.542
81,5d67094db819aa4fe202f2c7,601228.SH,20170727,6.94,7.03,6.7,7.01,6.94,0.07,1.01,443029.37,304625.907
82,5d67094db819aa4fe202f2c6,601228.SH,20170728,6.95,6.97,6.89,6.9,7.01,-0.11,-1.57,217771.17,150642.341
83,5d67094db819aa4fe202f2c5,601228.SH,20170731,6.86,6.9,6.83,6.85,6.9,-0.05,-0.72,210318.77,144181.645
84,5d67094db819aa4fe202f2c4,601228.SH,20170801,6.81,7.06,6.81,6.94,6.85,0.09,1.31,358228.9,249436.186
85,5d67094db819aa4fe202f2c3,601228.SH,20170802,6.91,7.05,6.86,6.93,6.94,-0.01,-0.14,331080.79,230401.251
86,5d67094db819aa4fe202f2c2,601228.SH,20170803,6.89,7.27,6.89,7.24,6.93,0.31,4.47,659876.6,467248.045
87,5d67094db819aa4fe202f2c1,601228.SH,20170804,7.17,7.21,7.05,7.06,7.24,-0.18,-2.49,437693.0,311303.635
88,5d67094db819aa4fe202f2c0,601228.SH,20170807,7.05,7.11,6.98,7.05,7.06,-0.01,-0.14,223382.97,157083.203
89,5d67094db819aa4fe202f2bf,601228.SH,20170808,7.03,7.06,6.94,6.99,7.05,-0.06,-0.85,211833.16,147973.6
90,5d67094db819aa4fe202f2be,601228.SH,20170809,6.99,7.02,6.91,6.94,6.99,-0.05,-0.72,189329.55,131549.327
91,5d67094db819aa4fe202f2bd,601228.SH,20170810,6.93,6.98,6.85,6.86,6.94,-0.08,-1.15,206755.43,142822.221
92,5d67094db819aa4fe202f2bc,601228.SH,20170811,6.83,6.83,6.7,6.71,6.86,-0.15,-2.19,241371.74,162742.894
93,5d67094db819aa4fe202f2bb,601228.SH,20170814,6.73,6.8,6.72,6.78,6.71,0.07,1.04,146101.59,98762.53
94,5d67094db819aa4fe202f2ba,601228.SH,20170815,6.79,6.87,6.77,6.83,6.78,0.05,0.74,179697.92,122646.585
95,5d67094db819aa4fe202f2b9,601228.SH,20170816,6.83,6.84,6.74,6.82,6.83,-0.01,-0.15,169181.78,114906.318
96,5d67094db819aa4fe202f2b8,601228.SH,20170817,6.78,6.85,6.77,6.84,6.82,0.02,0.29,179516.59,122282.761
97,5d67094db819aa4fe202f2b7,601228.SH,20170818,6.81,7.11,6.77,6.97,6.84,0.13,1.9,468866.9,327463.961
98,5d67094db819aa4fe202f2b6,601228.SH,20170821,6.92,7.04,6.92,7.0,6.97,0.03,0.43,246398.71,171876.782
99,5d67094db819aa4fe202f2b5,601228.SH,20170822,6.94,7.0,6.94,6.97,7.0,-0.03,-0.43,185555.79,129171.513
100,5d67094db819aa4fe202f2b4,601228.SH,20170823,6.95,6.97,6.84,6.88,6.97,-0.09,-1.29,169722.89,117106.23
101,5d67094db819aa4fe202f2b3,601228.SH,20170824,6.86,7.04,6.85,6.97,6.88,0.09,1.31,349084.83,243727.37
102,5d67094db819aa4fe202f2b2,601228.SH,20170825,6.92,7.05,6.9,7.01,6.97,0.04,0.57,320112.72,223893.393
103,5d67094db819aa4fe202f2b1,601228.SH,20170828,7.08,7.59,7.06,7.32,7.01,0.31,4.42,849411.63,618304.881
104,5d67094db819aa4fe202f2b0,601228.SH,20170829,7.25,7.5,7.18,7.35,7.32,0.03,0.41,745601.11,547945.44
105,5d67094db819aa4fe202f2af,601228.SH,20170830,7.23,7.32,7.21,7.24,7.35,-0.11,-1.5,378762.62,274472.892
106,5d67094db819aa4fe202f2ae,601228.SH,20170831,7.26,7.45,7.2,7.39,7.24,0.15,2.07,535116.52,394010.243
107,5d67094db819aa4fe202f2ad,601228.SH,20170901,7.37,7.39,7.23,7.28,7.39,-0.11,-1.49,389999.95,283983.909
108,5d67094db819aa4fe202f2ac,601228.SH,20170904,7.28,7.29,7.17,7.21,7.28,-0.07,-0.96,284726.1,205315.958
109,5d67094db819aa4fe202f2ab,601228.SH,20170905,7.2,7.24,7.14,7.17,7.21,-0.04,-0.55,203606.85,146267.698
110,5d67094db819aa4fe202f2aa,601228.SH,20170906,7.15,7.22,7.09,7.18,7.17,0.01,0.14,203228.56,145731.086
111,5d67094db819aa4fe202f2a9,601228.SH,20170907,7.13,7.2,7.11,7.11,7.18,-0.07,-0.97,205649.31,146947.937
112,5d67094db819aa4fe202f2a8,601228.SH,20170908,7.11,7.18,7.08,7.12,7.11,0.01,0.14,190972.38,135950.348
113,5d67094db819aa4fe202f2a7,601228.SH,20170911,7.1,7.16,7.08,7.14,7.12,0.02,0.28,154861.79,110299.123
114,5d67094db819aa4fe202f2a6,601228.SH,20170912,7.14,7.15,7.04,7.05,7.14,-0.09,-1.26,249646.51,176958.4
115,5d67094db819aa4fe202f2a5,601228.SH,20170913,7.05,7.07,6.96,7.0,7.05,-0.05,-0.71,210666.24,147293.519
116,5d67094db819aa4fe202f2a4,601228.SH,20170914,6.97,7.13,6.97,7.06,7.0,0.06,0.86,243573.01,171656.232
117,5d67094db819aa4fe202f2a3,601228.SH,20170915,7.03,7.06,6.96,6.98,7.06,-0.08,-1.13,168113.6,117491.752
118,5d67094db819aa4fe202f2a2,601228.SH,20170918,6.98,7.01,6.96,6.99,6.98,0.01,0.14,102372.5,71467.245
119,5d67094db819aa4fe202f2a1,601228.SH,20170919,6.98,7.01,6.96,6.98,6.99,-0.01,-0.14,116771.0,81579.489
120,5d67094db819aa4fe202f2a0,601228.SH,20170920,6.97,6.98,6.9,6.94,6.98,-0.04,-0.57,207128.93,143518.12
121,5d67094db819aa4fe202f29f,601228.SH,20170921,6.93,6.94,6.85,6.86,6.94,-0.08,-1.15,165833.9,114308.104
122,5d67094db819aa4fe202f29e,601228.SH,20170922,6.85,6.86,6.8,6.82,6.86,-0.04,-0.58,127615.76,86997.507
123,5d67094db819aa4fe202f29d,601228.SH,20170925,6.81,6.82,6.68,6.7,6.82,-0.12,-1.76,154381.34,104145.3
124,5d67094db819aa4fe202f29c,601228.SH,20170926,6.67,6.73,6.67,6.72,6.7,0.02,0.3,93947.13,62970.798
125,5d67094db819aa4fe202f29b,601228.SH,20170927,6.72,6.77,6.7,6.76,6.72,0.04,0.6,84680.66,57137.396
126,5d67094db819aa4fe202f29a,601228.SH,20170928,6.76,6.78,6.68,6.69,6.76,-0.07,-1.04,103483.0,69510.042
127,5d67094db819aa4fe202f299,601228.SH,20170929,6.7,6.73,6.69,6.71,6.69,0.02,0.3,86253.18,57867.303
128,5d67094db819aa4fe202f298,601228.SH,20171009,6.79,6.8,6.72,6.74,6.71,0.03,0.45,104866.37,70804.763
129,5d67094db819aa4fe202f297,601228.SH,20171010,6.75,6.93,6.73,6.87,6.74,0.13,1.93,191276.15,131054.844
130,5d67094db819aa4fe202f296,601228.SH,20171011,6.86,7.1,6.8,6.99,6.87,0.12,1.75,393325.72,273619.377
131,5d67094db819aa4fe202f295,601228.SH,20171012,6.94,6.97,6.85,6.89,6.99,-0.1,-1.43,199541.0,137575.123
132,5d67094db819aa4fe202f294,601228.SH,20171013,6.87,6.92,6.85,6.92,6.89,0.03,0.44,123798.88,85343.917
133,5d67094db819aa4fe202f293,601228.SH,20171016,6.96,7.01,6.84,6.85,6.92,-0.07,-1.01,186000.22,129010.678
134,5d67094db819aa4fe202f292,601228.SH,20171017,6.81,6.84,6.75,6.78,6.85,-0.07,-1.02,136431.52,92450.665
135,5d67094db819aa4fe202f291,601228.SH,20171018,6.77,6.94,6.77,6.8,6.78,0.02,0.3,180101.29,123437.005
136,5d67094db819aa4fe202f290,601228.SH,20171019,6.77,6.78,6.6,6.65,6.8,-0.15,-2.21,193371.33,129177.876
137,5d67094db819aa4fe202f28f,601228.SH,20171020,6.74,7.32,6.74,7.32,6.65,0.67,10.08,850235.22,603540.988
138,5d67094db819aa4fe202f28e,601228.SH,20171023,7.45,7.65,7.25,7.26,7.32,-0.06,-0.82,1557687.11,1165464.123
139,5d67094db819aa4fe202f28d,601228.SH,20171024,7.08,7.24,7.03,7.16,7.26,-0.1,-1.38,714978.44,508175.36
140,5d67094db819aa4fe202f28c,601228.SH,20171025,7.09,7.25,7.01,7.12,7.16,-0.04,-0.56,484089.75,344507.579
141,5d67094db819aa4fe202f28b,601228.SH,20171026,7.09,7.32,7.02,7.19,7.12,0.07,0.98,623693.38,448173.808
142,5d67094db819aa4fe202f28a,601228.SH,20171027,7.13,7.35,7.1,7.18,7.19,-0.01,-0.14,462385.95,333800.615
143,5d67094db819aa4fe202f289,601228.SH,20171030,7.11,7.14,6.77,6.86,7.18,-0.32,-4.46,465431.25,322258.367
144,5d67094db819aa4fe202f288,601228.SH,20171031,6.85,7.28,6.81,7.15,6.86,0.29,4.23,518694.63,365803.433
145,5d67094db819aa4fe202f287,601228.SH,20171101,7.12,7.14,7.02,7.06,7.15,-0.09,-1.26,326948.61,231161.899
146,5d67094db819aa4fe202f286,601228.SH,20171102,7.07,7.19,7.05,7.1,7.06,0.04,0.57,347289.23,247011.463
147,5d67094db819aa4fe202f285,601228.SH,20171103,7.09,7.12,6.91,6.98,7.1,-0.12,-1.69,297222.27,207502.133
148,5d67094db819aa4fe202f284,601228.SH,20171106,6.98,6.98,6.81,6.9,6.98,-0.08,-1.15,229523.25,157982.295
149,5d67094db819aa4fe202f283,601228.SH,20171107,6.9,7.48,6.9,7.22,6.9,0.32,4.64,640338.17,458195.686
150,5d67094db819aa4fe202f282,601228.SH,20171108,7.15,7.26,7.1,7.16,7.22,-0.06,-0.83,465722.4,333674.232
151,5d67094db819aa4fe202f281,601228.SH,20171109,7.15,7.23,7.11,7.22,7.16,0.06,0.84,354584.55,254950.061
152,5d67094db819aa4fe202f280,601228.SH,20171110,7.21,7.29,7.18,7.18,7.22,-0.04,-0.55,357402.35,258553.168
153,5d67094db819aa4fe202f27f,601228.SH,20171113,7.25,7.37,7.19,7.21,7.18,0.03,0.42,348766.26,252895.258
154,5d67094db819aa4fe202f27e,601228.SH,20171114,7.18,7.32,7.11,7.3,7.21,0.09,1.25,508430.57,368060.957
155,5d67094db819aa4fe202f27d,601228.SH,20171115,7.25,7.3,7.16,7.24,7.3,-0.06,-0.82,296396.55,213976.997
156,5d67094db819aa4fe202f27c,601228.SH,20171116,7.23,7.26,7.08,7.09,7.24,-0.15,-2.07,289653.06,207059.64
157,5d67094db819aa4fe202f27b,601228.SH,20171117,7.04,7.07,6.66,6.78,7.09,-0.31,-4.37,414187.36,284762.001
158,5d67094db819aa4fe202f27a,601228.SH,20171120,6.72,6.73,6.51,6.7,6.78,-0.08,-1.18,228679.4,151504.215
159,5d67094db819aa4fe202f279,601228.SH,20171121,6.7,6.78,6.68,6.71,6.7,0.01,0.15,176752.02,118728.822
160,5d67094db819aa4fe202f278,601228.SH,20171122,6.68,6.73,6.6,6.65,6.71,-0.06,-0.89,197114.86,131150.564
161,5d67094db819aa4fe202f277,601228.SH,20171123,6.61,6.66,6.43,6.43,6.65,-0.22,-3.31,228181.0,149370.405
162,5d67094db819aa4fe202f276,601228.SH,20171124,6.46,6.48,6.4,6.42,6.43,-0.01,-0.16,132695.31,85395.921
163,5d67094db819aa4fe202f275,601228.SH,20171127,6.43,6.46,6.28,6.34,6.42,-0.08,-1.25,134261.19,85491.738
164,5d67094db819aa4fe202f274,601228.SH,20171128,6.34,6.56,6.34,6.48,6.34,0.14,2.21,187964.42,121482.584
165,5d67094db819aa4fe202f273,601228.SH,20171129,6.5,6.58,6.42,6.53,6.48,0.05,0.77,172933.75,112492.434
166,5d67094db819aa4fe202f272,601228.SH,20171130,6.49,6.62,6.49,6.55,6.53,0.02,0.31,126203.32,82770.305
167,5d67094db819aa4fe202f271,601228.SH,20171201,6.55,6.58,6.46,6.54,6.55,-0.01,-0.15,96902.0,63235.903
168,5d67094db819aa4fe202f270,601228.SH,20171204,6.54,6.63,6.51,6.55,6.54,0.01,0.15,133999.12,87995.891
169,5d67094db819aa4fe202f26f,601228.SH,20171205,6.54,6.54,6.3,6.34,6.55,-0.21,-3.21,195221.85,124937.503
170,5d67094db819aa4fe202f26e,601228.SH,20171206,6.31,6.32,6.02,6.26,6.34,-0.08,-1.26,234513.1,144552.612
171,5d67094db819aa4fe202f26d,601228.SH,20171207,6.2,6.25,6.13,6.19,6.26,-0.07,-1.12,117566.08,72875.983
172,5d67094db819aa4fe202f26c,601228.SH,20171208,6.16,6.25,6.16,6.24,6.19,0.05,0.81,109084.0,67851.628
173,5d67094db819aa4fe202f26b,601228.SH,20171211,6.24,6.35,6.22,6.32,6.24,0.08,1.28,131237.68,82674.636
174,5d67094db819aa4fe202f26a,601228.SH,20171212,6.31,6.34,6.18,6.18,6.32,-0.14,-2.22,116031.26,72629.437
175,5d67094db819aa4fe202f269,601228.SH,20171213,6.2,6.26,6.18,6.2,6.18,0.02,0.32,67818.2,42075.933
176,5d67094db819aa4fe202f268,601228.SH,20171214,6.17,6.49,6.13,6.27,6.2,0.07,1.13,180714.43,113660.537
177,5d67094db819aa4fe202f267,601228.SH,20171215,6.22,6.22,6.13,6.16,6.27,-0.11,-1.75,123485.42,76100.852
178,5d67094db819aa4fe202f266,601228.SH,20171218,6.16,6.19,6.12,6.13,6.16,-0.03,-0.49,65233.0,40077.926
179,5d67094db819aa4fe202f265,601228.SH,20171219,6.1,6.17,6.1,6.16,6.13,0.03,0.49,59374.28,36475.157
180,5d67094db819aa4fe202f264,601228.SH,20171220,6.14,6.15,6.06,6.07,6.16,-0.09,-1.46,95576.52,58212.969
181,5d67094db819aa4fe202f263,601228.SH,20171221,6.07,6.07,5.86,5.99,6.07,-0.08,-1.32,155225.0,92660.303
182,5d67094db819aa4fe202f262,601228.SH,20171222,5.96,5.98,5.93,5.93,5.99,-0.06,-1.0,81492.11,48533.845
183,5d67094db819aa4fe202f261,601228.SH,20171225,5.93,5.95,5.85,5.86,5.93,-0.07,-1.18,116998.99,68828.769
184,5d67094db819aa4fe202f260,601228.SH,20171226,5.86,6.18,5.86,6.1,5.86,0.24,4.1,281103.19,171010.021
185,5d67094db819aa4fe202f25f,601228.SH,20171227,6.11,6.28,6.11,6.2,6.1,0.1,1.64,334915.75,207901.735
186,5d67094db819aa4fe202f25e,601228.SH,20171228,6.23,6.28,6.11,6.14,6.2,-0.06,-0.97,249842.54,154195.802
187,5d67094db819aa4fe202f25d,601228.SH,20171229,6.11,6.16,6.07,6.11,6.14,-0.03,-0.49,135519.66,82667.301
188,5d67094db819aa4fe202f25c,601228.SH,20180102,6.08,6.12,6.05,6.11,6.11,0.0,0.0,131385.63,79965.455
189,5d67094db819aa4fe202f25b,601228.SH,20180103,6.1,6.22,6.07,6.18,6.11,0.07,1.15,218598.63,134913.369
190,5d67094db819aa4fe202f25a,601228.SH,20180104,6.15,6.21,6.1,6.19,6.18,0.01,0.16,169281.18,103732.614
191,5d67094db819aa4fe202f259,601228.SH,20180105,6.38,6.47,6.22,6.24,6.19,0.05,0.81,351260.53,222331.427
192,5d67094db819aa4fe202f258,601228.SH,20180108,6.12,6.16,6.08,6.15,6.24,-0.09,-1.44,203097.25,124192.286
193,5d67094db819aa4fe202f257,601228.SH,20180109,6.13,6.15,6.1,6.11,6.15,-0.04,-0.65,98983.9,60524.969
194,5d67094db819aa4fe202f256,601228.SH,20180110,6.12,6.13,6.01,6.08,6.11,-0.03,-0.49,136159.46,82568.479
195,5d67094db819aa4fe202f255,601228.SH,20180111,6.08,6.11,6.03,6.08,6.08,0.0,0.0,102501.23,62308.513
196,5d67094db819aa4fe202f254,601228.SH,20180112,6.08,6.15,6.04,6.11,6.08,0.03,0.49,130726.11,79752.399
197,5d67094db819aa4fe202f253,601228.SH,20180115,6.05,6.1,5.91,5.97,6.11,-0.14,-2.29,149106.52,89652.557
198,5d67094db819aa4fe202f252,601228.SH,20180116,6.15,6.26,6.11,6.13,5.97,0.16,2.68,273026.06,168402.08
199,5d67094db819aa4fe202f251,601228.SH,20180117,6.17,6.55,6.11,6.31,6.13,0.18,2.94,479345.99,302398.414
200,5d67094db819aa4fe202f250,601228.SH,20180118,6.21,6.29,6.16,6.22,6.31,-0.09,-1.43,257919.9,160161.561
201,5d67094db819aa4fe202f24f,601228.SH,20180119,6.17,6.23,6.14,6.18,6.22,-0.04,-0.64,181977.9,112461.262
202,5d67094db819aa4fe202f24e,601228.SH,20180122,6.15,6.25,6.13,6.21,6.18,0.03,0.49,134825.0,83407.2
203,5d67094db819aa4fe202f24d,601228.SH,20180123,6.15,6.46,6.12,6.27,6.21,0.06,0.97,323810.27,203565.803
204,5d67094db819aa4fe202f24c,601228.SH,20180124,6.2,6.37,6.19,6.27,6.27,0.0,0.0,255622.58,160280.402
205,5d67094db819aa4fe202f24b,601228.SH,20180125,6.26,6.56,6.22,6.39,6.27,0.12,1.91,539341.42,346778.69
206,5d67094db819aa4fe202f24a,601228.SH,20180126,6.3,6.69,6.27,6.55,6.39,0.16,2.5,669461.41,437593.041
207,5d67094db819aa4fe202f249,601228.SH,20180129,6.52,6.59,6.37,6.45,6.55,-0.1,-1.53,339051.63,219280.211
208,5d67094db819aa4fe202f248,601228.SH,20180130,6.44,6.54,6.32,6.36,6.45,-0.09,-1.4,227339.02,145954.224
209,5d67094db819aa4fe202f247,601228.SH,20180131,6.32,6.33,6.13,6.14,6.36,-0.22,-3.46,239568.67,148727.803
210,5d67094db819aa4fe202f246,601228.SH,20180201,6.15,6.22,5.92,5.93,6.14,-0.21,-3.42,244297.76,147185.825
211,5d67094db819aa4fe202f245,601228.SH,20180202,5.84,5.91,5.6,5.87,5.93,-0.06,-1.01,171157.87,99282.155
212,5d67094db819aa4fe202f244,601228.SH,20180205,5.8,5.97,5.7,5.87,5.87,0.0,0.0,100584.03,58843.563
213,5d67094db819aa4fe202f243,601228.SH,20180206,5.75,5.84,5.39,5.42,5.87,-0.45,-7.67,207500.16,116551.495
214,5d67094db819aa4fe202f242,601228.SH,20180207,5.54,5.6,5.33,5.45,5.42,0.03,0.55,131874.0,72063.314
215,5d67094db819aa4fe202f241,601228.SH,20180208,5.47,5.52,5.38,5.49,5.45,0.04,0.73,77312.1,42336.767
216,5d67094db819aa4fe202f240,601228.SH,20180209,5.35,5.35,5.0,5.18,5.49,-0.31,-5.65,159715.68,83392.808
217,5d67094db819aa4fe202f23f,601228.SH,20180212,5.16,5.38,5.16,5.29,5.18,0.11,2.12,85831.86,45314.385
218,5d67094db819aa4fe202f23e,601228.SH,20180213,5.3,5.36,5.29,5.3,5.29,0.01,0.19,78197.34,41643.299
219,5d67094db819aa4fe202f23d,601228.SH,20180214,5.32,5.33,5.27,5.33,5.3,0.03,0.57,43366.02,23012.142
220,5d67094db819aa4fe202f23c,601228.SH,20180222,5.38,5.47,5.36,5.41,5.33,0.08,1.5,86447.45,46762.751
221,5d67094db819aa4fe202f23b,601228.SH,20180223,5.44,5.83,5.41,5.59,5.41,0.18,3.33,243057.38,136118.902
222,5d67094db819aa4fe202f23a,601228.SH,20180226,6.15,6.15,5.96,6.03,5.59,0.44,7.87,558188.15,338785.186
223,5d67094db819aa4fe202f239,601228.SH,20180227,5.84,5.93,5.8,5.83,6.03,-0.2,-3.32,341511.78,199638.716
224,5d67094db819aa4fe202f238,601228.SH,20180228,5.75,5.9,5.68,5.83,5.83,0.0,0.0,165833.16,96499.323
225,5d67094db819aa4fe202f237,601228.SH,20180301,5.78,5.85,5.75,5.85,5.83,0.02,0.34,122957.41,71523.728
226,5d67094db819aa4fe202f236,601228.SH,20180302,5.77,5.91,5.74,5.9,5.85,0.05,0.85,197524.35,115417.942
227,5d67094db819aa4fe202f235,601228.SH,20180305,5.99,6.07,5.84,5.9,5.9,0.0,0.0,209916.0,124671.734
228,5d67094db819aa4fe202f234,601228.SH,20180306,5.91,6.02,5.85,5.98,5.9,0.08,1.36,246331.48,146413.237
229,5d67094db819aa4fe202f233,601228.SH,20180307,5.95,6.15,5.92,6.07,5.98,0.09,1.51,325866.14,197354.596
230,5d67094db819aa4fe202f232,601228.SH,20180308,6.07,6.2,6.06,6.19,6.07,0.12,1.98,384699.88,236420.945
231,5d67094db819aa4fe202f231,601228.SH,20180309,6.18,6.29,6.12,6.18,6.19,-0.01,-0.16,277803.78,171921.955
232,5d67094db819aa4fe202f230,601228.SH,20180312,6.14,6.17,6.07,6.12,6.18,-0.06,-0.97,230791.98,140886.509
233,5d67094db819aa4fe202f22f,601228.SH,20180313,6.12,6.2,6.01,6.15,6.12,0.03,0.49,289768.89,176552.554
234,5d67094db819aa4fe202f22e,601228.SH,20180314,6.13,6.13,6.0,6.01,6.15,-0.14,-2.28,206786.27,125108.845
235,5d67094db819aa4fe202f22d,601228.SH,20180315,5.95,6.06,5.92,5.98,6.01,-0.03,-0.5,140998.32,84288.277
236,5d67094db819aa4fe202f22c,601228.SH,20180316,5.95,6.04,5.94,5.96,5.98,-0.02,-0.33,93168.99,55795.147
237,5d67094db819aa4fe202f22b,601228.SH,20180319,5.95,5.95,5.85,5.88,5.96,-0.08,-1.34,118066.53,69487.366
238,5d67094db819aa4fe202f22a,601228.SH,20180320,5.8,5.85,5.72,5.8,5.88,-0.08,-1.36,142758.0,82533.634
239,5d67094db819aa4fe202f229,601228.SH,20180321,5.83,5.86,5.73,5.74,5.8,-0.06,-1.03,111002.64,64347.466
240,5d67094db819aa4fe202f228,601228.SH,20180322,5.69,5.77,5.65,5.69,5.74,-0.05,-0.87,88568.83,50527.591
241,5d67094db819aa4fe202f227,601228.SH,20180323,5.51,5.51,5.2,5.3,5.69,-0.39,-6.85,197845.64,106446.298
242,5d67094db819aa4fe202f226,601228.SH,20180326,5.17,5.35,5.01,5.32,5.3,0.02,0.38,138068.07,71725.49
243,5d67094db819aa4fe202f225,601228.SH,20180327,5.36,5.59,5.36,5.47,5.32,0.15,2.82,172929.79,94261.523
244,5d67094db819aa4fe202f224,601228.SH,20180328,5.35,5.57,5.3,5.39,5.47,-0.08,-1.46,156276.04,85003.571
245,5d67094db819aa4fe202f223,601228.SH,20180329,5.41,5.47,5.37,5.46,5.39,0.07,1.3,115868.0,62930.011
246,5d67094db819aa4fe202f222,601228.SH,20180330,5.47,5.51,5.44,5.48,5.46,0.02,0.37,97664.0,53365.479
247,5d67094db819aa4fe202f221,601228.SH,20180402,5.44,5.49,5.4,5.42,5.48,-0.06,-1.09,97176.0,52896.19
248,5d67094db819aa4fe202f220,601228.SH,20180403,5.37,5.57,5.3,5.46,5.42,0.04,0.74,161032.19,87597.285
249,5d67094db819aa4fe202f21f,601228.SH,20180404,5.41,5.64,5.41,5.63,5.46,0.17,3.11,255742.97,141934.046
250,5d67094db819aa4fe202f21e,601228.SH,20180409,5.61,6.16,5.51,5.91,5.63,0.28,4.97,447523.53,259939.896
251,5d67094db819aa4fe202f21d,601228.SH,20180410,5.88,5.89,5.71,5.77,5.91,-0.14,-2.37,277257.32,160072.869
252,5d67094db819aa4fe202f21c,601228.SH,20180411,5.76,5.83,5.7,5.72,5.77,-0.05,-0.87,168560.73,97149.987
253,5d67094db819aa4fe202f21b,601228.SH,20180412,5.74,5.74,5.61,5.61,5.72,-0.11,-1.92,115539.38,65196.383
254,5d67094db819aa4fe202f21a,601228.SH,20180413,5.65,5.75,5.63,5.68,5.61,0.07,1.25,123536.32,70288.028
255,5d67094db819aa4fe202f219,601228.SH,20180416,5.8,5.95,5.72,5.75,5.68,0.07,1.23,304999.64,178009.803
256,5d67094db819aa4fe202f218,601228.SH,20180417,5.68,5.7,5.54,5.56,5.75,-0.19,-3.3,182246.12,102144.085
257,5d67094db819aa4fe202f217,601228.SH,20180418,5.56,5.63,5.43,5.52,5.56,-0.04,-0.72,106886.28,59017.142
258,5d67094db819aa4fe202f216,601228.SH,20180419,5.5,5.58,5.5,5.58,5.52,0.06,1.09,107471.46,59570.452
259,5d67094db819aa4fe202f215,601228.SH,20180420,5.55,5.66,5.49,5.5,5.58,-0.08,-1.43,122298.0,67944.917
260,5d67094db819aa4fe202f214,601228.SH,20180423,5.46,5.48,5.33,5.41,5.5,-0.09,-1.64,101740.0,55084.367
261,5d67094db819aa4fe202f213,601228.SH,20180424,5.38,5.52,5.38,5.5,5.41,0.09,1.66,88643.0,48510.978
262,5d67094db819aa4fe202f212,601228.SH,20180425,5.49,5.62,5.45,5.56,5.5,0.06,1.09,136246.25,75820.162
263,5d67094db819aa4fe202f211,601228.SH,20180426,5.57,5.57,5.4,5.42,5.56,-0.14,-2.52,101661.11,55610.593
264,5d67094db819aa4fe202f210,601228.SH,20180427,5.45,5.52,5.36,5.51,5.42,0.09,1.66,90979.15,49650.724
265,5d67094db819aa4fe202f20f,601228.SH,20180502,5.51,5.51,5.39,5.43,5.51,-0.08,-1.45,78534.76,42738.756
266,5d67094db819aa4fe202f20e,601228.SH,20180503,5.44,5.5,5.4,5.48,5.43,0.05,0.92,76001.0,41486.813
267,5d67094db819aa4fe202f20d,601228.SH,20180504,5.43,5.62,5.43,5.56,5.48,0.08,1.46,134654.79,74827.472
268,5d67094db819aa4fe202f20c,601228.SH,20180507,5.58,5.63,5.53,5.62,5.56,0.06,1.08,148509.05,83078.735
269,5d67094db819aa4fe202f20b,601228.SH,20180508,5.6,5.7,5.57,5.69,5.62,0.07,1.25,156388.76,88101.167
270,5d67094db819aa4fe202f20a,601228.SH,20180509,5.65,5.71,5.62,5.66,5.69,-0.03,-0.53,109634.69,62070.181
271,5d67094db819aa4fe202f209,601228.SH,20180510,5.74,5.98,5.7,5.9,5.66,0.24,4.24,479383.91,281702.525
272,5d67094db819aa4fe202f208,601228.SH,20180511,5.86,5.91,5.78,5.86,5.9,-0.04,-0.68,241957.09,140871.983
273,5d67094db819aa4fe202f207,601228.SH,20180514,5.82,5.91,5.75,5.86,5.86,0.0,0.0,193382.11,112869.628
274,5d67094db819aa4fe202f206,601228.SH,20180515,5.92,5.92,5.82,5.89,5.86,0.03,0.51,193072.51,113453.173
275,5d67094db819aa4fe202f205,601228.SH,20180516,5.9,5.97,5.8,5.92,5.89,0.03,0.51,215278.37,126995.924
276,5d67094db819aa4fe202f204,601228.SH,20180517,5.93,6.15,5.91,6.06,5.92,0.14,2.36,392297.16,238287.411
277,5d67094db819aa4fe202f203,601228.SH,20180518,6.06,6.28,5.97,6.26,6.06,0.2,3.3,463468.83,285423.37
278,5d67094db819aa4fe202f202,601228.SH,20180521,6.31,6.37,6.2,6.21,6.26,-0.05,-0.8,415759.56,259917.477
279,5d67094db819aa4fe202f201,601228.SH,20180522,6.19,6.31,6.17,6.26,6.21,0.05,0.81,272394.16,170215.108
280,5d67094db819aa4fe202f200,601228.SH,20180523,6.23,6.27,6.09,6.1,6.26,-0.16,-2.56,264514.36,163232.945
281,5d67094db819aa4fe202f1ff,601228.SH,20180524,6.14,6.32,6.08,6.29,6.1,0.19,3.11,429894.84,267478.965
282,5d67094db819aa4fe202f1fe,601228.SH,20180525,6.28,6.28,6.1,6.21,6.29,-0.08,-1.27,320023.21,198069.315
283,5d67094db819aa4fe202f1fd,601228.SH,20180528,6.16,6.16,5.96,5.98,6.21,-0.23,-3.7,228633.0,138392.251
284,5d67094db819aa4fe202f1fc,601228.SH,20180529,5.99,6.1,5.94,5.99,5.98,0.01,0.17,192857.17,116168.753
285,5d67094db819aa4fe202f1fb,601228.SH,20180530,5.81,5.89,5.6,5.65,5.99,-0.34,-5.68,243890.77,140055.149
286,5d67094db819aa4fe202f1fa,601228.SH,20180531,5.75,5.96,5.64,5.93,5.65,0.28,4.96,299550.96,173571.838
287,5d67094db819aa4fe202f1f9,601228.SH,20180601,5.85,5.95,5.74,5.84,5.93,-0.09,-1.52,180688.82,105554.679
288,5d67094db819aa4fe202f1f8,601228.SH,20180604,5.84,5.89,5.74,5.8,5.84,-0.04,-0.68,145412.21,84546.357
289,5d67094db819aa4fe202f1f7,601228.SH,20180605,5.81,5.93,5.79,5.91,5.8,0.11,1.9,173572.0,101958.987
290,5d67094db819aa4fe202f1f6,601228.SH,20180606,5.89,5.95,5.85,5.89,5.91,-0.02,-0.34,135622.06,79882.145
291,5d67094db819aa4fe202f1f5,601228.SH,20180607,5.89,5.96,5.8,5.95,5.89,0.06,1.02,193368.86,113653.892
292,5d67094db819aa4fe202f1f4,601228.SH,20180608,5.9,6.05,5.85,6.02,5.95,0.07,1.18,280959.24,166862.186
293,5d67094db819aa4fe202f1f3,601228.SH,20180611,5.98,6.16,5.95,6.05,6.02,0.03,0.5,254561.7,154628.935
294,5d67094db819aa4fe202f1f2,601228.SH,20180612,6.01,6.1,5.86,6.06,6.05,0.01,0.17,204840.61,122814.6
295,5d67094db819aa4fe202f1f1,601228.SH,20180613,6.01,6.1,5.93,5.94,6.06,-0.12,-1.98,162863.89,97950.041
296,5d67094db819aa4fe202f1f0,601228.SH,20180614,5.88,5.97,5.75,5.79,5.94,-0.15,-2.53,184012.73,107535.585
297,5d67094db819aa4fe202f1ef,601228.SH,20180615,5.76,5.95,5.71,5.94,5.79,0.15,2.59,170183.58,99153.375
298,5d67094db819aa4fe202f1ee,601228.SH,20180619,5.75,5.83,5.35,5.41,5.94,-0.53,-8.92,257883.74,143909.128
299,5d67094db819aa4fe202f1ed,601228.SH,20180620,5.41,5.6,5.36,5.54,5.41,0.13,2.4,148227.58,81161.256
300,5d67094db819aa4fe202f1ec,601228.SH,20180621,5.54,5.64,5.47,5.48,5.54,-0.06,-1.08,132470.01,73424.105
301,5d67094db819aa4fe202f1eb,601228.SH,20180622,5.47,5.62,5.4,5.6,5.48,0.12,2.19,128401.13,71206.15
302,5d67094db819aa4fe202f1ea,601228.SH,20180625,5.61,5.66,5.56,5.59,5.6,-0.01,-0.18,121858.65,68364.91
303,5d67094db819aa4fe202f1e9,601228.SH,20180626,5.45,5.7,5.41,5.67,5.59,0.08,1.43,140542.3,78352.289
304,5d67094db819aa4fe202f1e8,601228.SH,20180627,5.68,5.76,5.62,5.68,5.67,0.01,0.18,131024.72,74612.444
305,5d67094db819aa4fe202f1e7,601228.SH,20180628,5.68,5.83,5.64,5.7,5.68,0.02,0.35,139381.75,79663.87
306,5d67094db819aa4fe202f1e6,601228.SH,20180629,5.69,5.85,5.68,5.81,5.7,0.11,1.93,172185.98,99510.432
307,5d67094db819aa4fe202f1e5,601228.SH,20180702,5.63,5.69,5.41,5.52,5.81,-0.29,-4.99,241327.11,134170.661
308,5d67094db819aa4fe202f1e4,601228.SH,20180703,5.5,5.55,5.3,5.47,5.52,-0.05,-0.91,142856.3,77441.972
309,5d67094db819aa4fe202f1e3,601228.SH,20180704,5.43,5.46,5.3,5.34,5.47,-0.13,-2.38,104670.88,56204.189
310,5d67094db819aa4fe202f1e2,601228.SH,20180705,5.35,5.38,5.06,5.09,5.34,-0.25,-4.68,167439.92,86701.428
311,5d67094db819aa4fe202f1e1,601228.SH,20180706,5.1,5.13,4.91,5.07,5.09,-0.02,-0.39,133403.0,67333.163
312,5d67094db819aa4fe202f1e0,601228.SH,20180709,5.05,5.15,5.05,5.14,5.07,0.07,1.38,99570.98,50928.645
313,5d67094db819aa4fe202f1df,601228.SH,20180710,5.16,5.23,5.13,5.18,5.14,0.04,0.78,99215.0,51308.046
314,5d67094db819aa4fe202f1de,601228.SH,20180711,5.02,5.08,4.96,5.03,5.18,-0.15,-2.9,115351.47,57808.034
315,5d67094db819aa4fe202f1dd,601228.SH,20180712,5.02,5.19,5.02,5.15,5.03,0.12,2.39,104454.96,53430.278
316,5d67094db819aa4fe202f1dc,601228.SH,20180713,5.13,5.2,5.13,5.16,5.15,0.01,0.19,77871.01,40157.627
317,5d67094db819aa4fe202f1db,601228.SH,20180716,5.15,5.24,5.06,5.19,5.16,0.03,0.58,103376.44,53142.887
318,5d67094db819aa4fe202f1da,601228.SH,20180717,5.12,5.15,5.08,5.11,5.16,-0.05,-0.97,53844.63,27493.737
319,5d67094db819aa4fe202f1d9,601228.SH,20180718,5.11,5.19,5.09,5.1,5.11,-0.01,-0.2,83343.42,42792.927
320,5d67094db819aa4fe202f1d8,601228.SH,20180719,5.1,5.12,5.04,5.07,5.1,-0.03,-0.59,54549.93,27650.508
321,5d67094db819aa4fe202f1d7,601228.SH,20180720,5.1,5.14,5.06,5.14,5.07,0.07,1.3807,92881.05,47503.901
322,5d67094db819aa4fe202f1d6,601228.SH,20180723,5.12,5.25,5.1,5.21,5.14,0.07,1.3619,148815.52,77120.199
323,5d67094db819aa4fe202f1d5,601228.SH,20180724,5.18,5.33,5.17,5.31,5.21,0.1,1.9194,185274.6,97695.552
324,5d67094db819aa4fe202f1d4,601228.SH,20180725,5.28,5.32,5.23,5.26,5.31,-0.05,-0.9416,104924.19,55273.85
325,5d67094db819aa4fe202f1d3,601228.SH,20180726,5.24,5.35,5.23,5.26,5.26,0.0,0.0,113998.9,60331.565
326,5d67094db819aa4fe202f1d2,601228.SH,20180727,5.23,5.33,5.22,5.32,5.26,0.06,1.1407,118712.85,62782.934
327,5d67094db819aa4fe202f1d1,601228.SH,20180730,5.27,5.33,5.17,5.19,5.32,-0.13,-2.4436,92178.54,48288.717
328,5d67094db819aa4fe202f1d0,601228.SH,20180731,5.2,5.29,5.19,5.25,5.19,0.06,1.1561,62538.0,32767.132
329,5d67094db819aa4fe202f1cf,601228.SH,20180801,5.26,5.32,5.16,5.18,5.25,-0.07,-1.3333,78846.0,41507.718
330,5d67094db819aa4fe202f1ce,601228.SH,20180802,5.13,5.18,4.8,5.01,5.18,-0.17,-3.2819,146747.69,73326.277
331,5d67094db819aa4fe202f1cd,601228.SH,20180803,5.01,5.05,4.95,5.0,5.01,-0.01,-0.1996,71790.42,35998.667
332,5d67094db819aa4fe202f1cc,601228.SH,20180806,5.0,5.0,4.82,4.84,5.0,-0.16,-3.2,88636.54,43407.002
333,5d67094db819aa4fe202f1cb,601228.SH,20180807,4.87,5.01,4.84,4.99,4.84,0.15,3.0992,81973.22,40520.761
334,5d67094db819aa4fe202f1ca,601228.SH,20180808,4.95,5.03,4.92,4.96,4.99,-0.03,-0.6012,72610.09,36142.306
335,5d67094db819aa4fe202f1c9,601228.SH,20180809,4.93,5.03,4.93,5.01,4.96,0.05,1.0081,77327.9,38683.125
336,5d67094db819aa4fe202f1c8,601228.SH,20180810,5.0,5.25,4.99,5.22,5.01,0.21,4.1916,191892.79,98448.43
337,5d67094db819aa4fe202f1c7,601228.SH,20180813,5.16,5.43,5.16,5.4,5.22,0.18,3.4483,460355.4,245204.802
338,5d67094db819aa4fe202f1c6,601228.SH,20180814,5.36,5.58,5.33,5.51,5.4,0.11,2.037,284835.3,155935.265
339,5d67094db819aa4fe202f1c5,601228.SH,20180815,5.53,5.54,5.33,5.34,5.51,-0.17,-3.0853,225881.03,122257.666
340,5d67094db819aa4fe202f1c4,601228.SH,20180816,5.29,5.29,5.08,5.11,5.34,-0.23,-4.3071,270135.57,139284.22
341,5d67094db819aa4fe202f1c3,601228.SH,20180817,5.16,5.18,4.97,5.0,5.11,-0.11,-2.1526,145837.5,73819.073
342,5d67094db819aa4fe202f1c2,601228.SH,20180820,5.0,5.01,4.88,4.99,5.0,-0.01,-0.2,125081.87,61781.897
343,5d67094db819aa4fe202f1c1,601228.SH,20180821,4.98,5.04,4.95,5.01,4.99,0.02,0.4008,92311.5,46243.006
344,5d67094db819aa4fe202f1c0,601228.SH,20180822,5.01,5.01,4.95,5.0,5.01,-0.01,-0.1996,58017.91,28917.942
345,5d67094db819aa4fe202f1bf,601228.SH,20180823,5.0,5.07,4.97,5.04,5.0,0.04,0.8,68439.48,34329.224
346,5d67094db819aa4fe202f1be,601228.SH,20180824,5.03,5.06,5.0,5.05,5.04,0.01,0.1984,68162.7,34280.563
347,5d67094db819aa4fe202f1bd,601228.SH,20180827,5.05,5.13,5.05,5.12,5.05,0.07,1.3861,69385.29,35381.434
348,5d67094db819aa4fe202f1bc,601228.SH,20180828,5.12,5.15,5.09,5.15,5.12,0.03,0.5859,72436.71,37131.882
349,5d67094db819aa4fe202f1bb,601228.SH,20180829,5.13,5.15,5.08,5.1,5.15,-0.05,-0.9709,65182.65,33351.035
350,5d67094db819aa4fe202f1ba,601228.SH,20180830,5.11,5.15,5.03,5.06,5.1,-0.04,-0.7843,51262.71,26155.17
351,5d67094db819aa4fe202f1b9,601228.SH,20180831,5.01,5.05,4.97,4.99,5.06,-0.07,-1.3834,40152.23,20103.373
352,5d67094db819aa4fe202f1b8,601228.SH,20180903,5.03,5.03,4.92,4.97,4.99,-0.02,-0.4008,45147.5,22372.605
353,5d67094db819aa4fe202f1b7,601228.SH,20180904,5.0,5.02,4.94,5.0,4.97,0.03,0.6036,53829.5,26834.394
354,5d67094db819aa4fe202f1b6,601228.SH,20180905,5.01,5.01,4.91,4.91,5.0,-0.09,-1.8,65733.5,32470.033
355,5d67094db819aa4fe202f1b5,601228.SH,20180906,4.91,4.94,4.86,4.87,4.91,-0.04,-0.8147,68591.95,33572.597
356,5d67094db819aa4fe202f1b4,601228.SH,20180907,4.88,4.93,4.83,4.87,4.87,0.0,0.0,64291.55,31325.179
357,5d67094db819aa4fe202f1b3,601228.SH,20180910,4.83,4.86,4.8,4.82,4.87,-0.05,-1.0267,66267.56,31935.972
358,5d67094db819aa4fe202f1b2,601228.SH,20180911,4.82,4.85,4.79,4.84,4.82,0.02,0.4149,45695.0,22030.862
359,5d67094db819aa4fe202f1b1,601228.SH,20180912,4.84,4.86,4.81,4.82,4.84,-0.02,-0.4132,30634.78,14805.956
360,5d67094db819aa4fe202f1b0,601228.SH,20180913,4.86,4.87,4.82,4.86,4.82,0.04,0.8299,42583.55,20619.149
361,5d67094db819aa4fe202f1af,601228.SH,20180914,4.87,4.96,4.84,4.9,4.86,0.04,0.823,67920.47,33273.785
362,5d67094db819aa4fe202f1ae,601228.SH,20180917,4.85,4.88,4.82,4.86,4.9,-0.04,-0.8163,36171.0,17541.845
363,5d67094db819aa4fe202f1ad,601228.SH,20180918,4.86,4.93,4.84,4.91,4.86,0.05,1.0288,47331.62,23150.836
364,5d67094db819aa4fe202f1ac,601228.SH,20180919,4.9,5.01,4.88,4.95,4.91,0.04,0.8147,82347.62,40863.065
365,5d67094db819aa4fe202f1ab,601228.SH,20180920,4.93,4.96,4.91,4.94,4.95,-0.01,-0.202,43645.62,21518.971
366,5d67094db819aa4fe202f1aa,601228.SH,20180921,4.94,5.01,4.93,4.99,4.94,0.05,1.0121,79699.04,39664.81
367,5d67094db819aa4fe202f1a9,601228.SH,20180925,4.96,4.99,4.94,4.98,4.99,-0.01,-0.2004,43564.66,21642.077
368,5d67094db819aa4fe202f1a8,601228.SH,20180926,4.97,5.05,4.96,4.99,4.98,0.01,0.2008,62080.46,31109.195
369,5d67094db819aa4fe202f1a7,601228.SH,20180927,4.99,5.02,4.94,4.94,4.99,-0.05,-1.002,50540.0,25158.527
370,5d67094db819aa4fe202f1a6,601228.SH,20180928,4.94,5.05,4.94,5.04,4.94,0.1,2.0243,86170.67,43340.789
371,5d67094db819aa4fe202f1a5,601228.SH,20181008,4.97,4.98,4.82,4.86,5.04,-0.18,-3.5714,74672.5,36707.443
372,5d67094db819aa4fe202f1a4,601228.SH,20181009,4.88,4.95,4.86,4.92,4.86,0.06,1.2346,56334.83,27696.143
373,5d67094db819aa4fe202f1a3,601228.SH,20181010,4.97,4.97,4.91,4.93,4.92,0.01,0.2033,33361.39,16472.58
374,5d67094db819aa4fe202f1a2,601228.SH,20181011,4.82,4.82,4.44,4.52,4.93,-0.41,-8.3164,136894.09,63118.356
375,5d67094db819aa4fe202f1a1,601228.SH,20181012,4.47,4.47,4.18,4.4,4.52,-0.12,-2.6549,94510.09,41153.232
376,5d67094db819aa4fe202f1a0,601228.SH,20181015,4.4,4.48,4.37,4.38,4.4,-0.02,-0.4545,45229.0,20025.106
377,5d67094db819aa4fe202f19f,601228.SH,20181016,4.36,4.43,4.25,4.27,4.38,-0.11,-2.5114,40662.33,17651.229
378,5d67094db819aa4fe202f19e,601228.SH,20181017,4.32,4.4,4.27,4.36,4.27,0.09,2.1077,48634.0,21149.934
379,5d67094db819aa4fe202f19d,601228.SH,20181018,4.38,4.45,4.34,4.36,4.36,0.0,0.0,82677.45,36403.509
380,5d67094db819aa4fe202f19c,601228.SH,20181019,4.31,4.47,4.0,4.46,4.36,0.1,2.2936,90630.46,39249.604
381,5d67094db819aa4fe202f19b,601228.SH,20181022,4.49,4.66,4.46,4.63,4.46,0.17,3.8117,111569.7,51182.601
382,5d67094db819aa4fe202f19a,601228.SH,20181023,4.67,4.68,4.4,4.47,4.63,-0.16,-3.4557,120777.87,54717.628
383,5d67094db819aa4fe202f199,601228.SH,20181024,4.4,4.48,4.33,4.35,4.47,-0.12,-2.6846,104692.55,46014.343
384,5d67094db819aa4fe202f198,601228.SH,20181025,4.24,4.28,4.14,4.23,4.35,-0.12,-2.7586,126811.15,53373.718
385,5d67094db819aa4fe202f197,601228.SH,20181026,4.26,4.3,4.17,4.18,4.23,-0.05,-1.182,119868.45,50632.632
386,5d67094db819aa4fe202f196,601228.SH,20181029,4.17,4.2,4.09,4.11,4.18,-0.07,-1.6746,72915.0,30213.882
387,5d67094db819aa4fe202f195,601228.SH,20181030,4.12,4.14,4.04,4.11,4.11,0.0,0.0,104008.0,42632.53
388,5d67094db819aa4fe202f194,601228.SH,20181031,4.08,4.15,4.08,4.13,4.11,0.02,0.4866,116255.07,47921.597
389,5d67094db819aa4fe202f193,601228.SH,20181101,4.14,4.2,4.12,4.16,4.13,0.03,0.7264,110711.42,46075.837
390,5d67094db819aa4fe202f192,601228.SH,20181102,4.21,4.29,4.18,4.26,4.16,0.1,2.4038,126337.06,53362.505
391,5d67094db819aa4fe202f191,601228.SH,20181105,4.27,4.3,4.22,4.28,4.26,0.02,0.4695,103145.67,43943.712
392,5d67094db819aa4fe202f190,601228.SH,20181106,4.28,4.28,4.21,4.24,4.28,-0.04,-0.9346,62133.71,26304.015
393,5d67094db819aa4fe202f18f,601228.SH,20181107,4.26,4.27,4.19,4.2,4.24,-0.04,-0.9434,68537.0,29013.437
394,5d67094db819aa4fe202f18e,601228.SH,20181108,4.22,4.24,4.2,4.21,4.2,0.01,0.2381,54426.22,22968.343
395,5d67094db819aa4fe202f18d,601228.SH,20181109,4.21,4.21,4.16,4.16,4.21,-0.05,-1.1876,49118.89,20494.199
396,5d67094db819aa4fe202f18c,601228.SH,20181112,4.17,4.26,4.14,4.25,4.16,0.09,2.1635,90428.25,38077.135
397,5d67094db819aa4fe202f18b,601228.SH,20181113,4.21,4.34,4.19,4.32,4.25,0.07,1.6471,180791.67,77315.567
398,5d67094db819aa4fe202f18a,601228.SH,20181114,4.31,4.38,4.29,4.3,4.32,-0.02,-0.463,149282.66,64714.519
399,5d67094db819aa4fe202f189,601228.SH,20181115,4.28,4.35,4.27,4.34,4.3,0.04,0.9302,100749.84,43561.464
400,5d67094db819aa4fe202f188,601228.SH,20181116,4.35,4.46,4.34,4.44,4.34,0.1,2.3041,181777.85,80247.878
401,5d67094db819aa4fe202f187,601228.SH,20181119,4.44,4.45,4.37,4.44,4.44,0.0,0.0,133370.96,58778.973
402,5d67094db819aa4fe202f186,601228.SH,20181120,4.4,4.41,4.29,4.31,4.44,-0.13,-2.9279,115258.84,50251.734
403,5d67094db819aa4fe202f185,601228.SH,20181121,4.26,4.31,4.24,4.3,4.31,-0.01,-0.232,64252.53,27471.092
404,5d67094db819aa4fe202f184,601228.SH,20181122,4.31,4.33,4.29,4.31,4.3,0.01,0.2326,55395.52,23883.04
405,5d67094db819aa4fe202f183,601228.SH,20181123,4.3,4.32,4.14,4.18,4.31,-0.13,-3.0162,88739.88,37525.081
406,5d67094db819aa4fe202f182,601228.SH,20181126,4.18,4.22,4.13,4.18,4.18,0.0,0.0,41307.75,17287.012
407,5d67094db819aa4fe202f181,601228.SH,20181127,4.19,4.22,4.15,4.17,4.18,-0.01,-0.2392,43927.35,18359.403
408,5d67094db819aa4fe202f180,601228.SH,20181128,4.17,4.19,4.12,4.18,4.17,0.01,0.2398,86465.68,35930.814
409,5d67094db819aa4fe202f17f,601228.SH,20181129,4.2,4.21,4.07,4.08,4.18,-0.1,-2.3923,84755.24,35117.345
410,5d67094db819aa4fe202f17e,601228.SH,20181130,4.08,4.1,4.01,4.09,4.08,0.01,0.2451,53008.48,21568.773
411,5d67094db819aa4fe202f17d,601228.SH,20181203,4.18,4.25,4.18,4.21,4.09,0.12,2.934,103236.09,43519.001
412,5d67094db819aa4fe202f17c,601228.SH,20181204,4.22,4.28,4.18,4.26,4.21,0.05,1.1876,84172.45,35712.444
413,5d67094db819aa4fe202f17b,601228.SH,20181205,4.22,4.24,4.17,4.22,4.26,-0.04,-0.939,55596.77,23414.439
414,5d67094db819aa4fe202f17a,601228.SH,20181206,4.21,4.21,4.14,4.14,4.22,-0.08,-1.8957,49394.0,20598.302
415,5d67094db819aa4fe202f179,601228.SH,20181207,4.15,4.18,4.13,4.15,4.14,0.01,0.2415,32262.61,13389.437
416,5d67094db819aa4fe202f178,601228.SH,20181210,4.16,4.16,4.1,4.1,4.15,-0.05,-1.2048,45207.16,18589.382
417,5d67094db819aa4fe202f177,601228.SH,20181211,4.09,4.13,4.09,4.13,4.1,0.03,0.7317,34367.0,14114.681
418,5d67094db819aa4fe202f176,601228.SH,20181212,4.14,4.15,4.11,4.13,4.13,0.0,0.0,31388.0,12970.923
419,5d67094db819aa4fe202f175,601228.SH,20181213,4.14,4.21,4.11,4.18,4.13,0.05,1.2107,75489.0,31450.417
420,5d67094db819aa4fe202f174,601228.SH,20181214,4.18,4.35,4.11,4.2,4.18,0.02,0.4785,147455.93,62212.351
421,5d67094db819aa4fe202f173,601228.SH,20181217,4.21,4.29,4.2,4.27,4.2,0.07,1.6667,142982.03,60724.427
422,5d67094db819aa4fe202f172,601228.SH,20181218,4.25,4.29,4.09,4.23,4.27,-0.04,-0.9368,166157.24,69679.906
423,5d67094db819aa4fe202f171,601228.SH,20181219,4.2,4.21,4.11,4.12,4.23,-0.11,-2.6005,88834.32,36773.111
424,5d67094db819aa4fe202f170,601228.SH,20181220,4.12,4.15,4.09,4.11,4.12,-0.01,-0.2427,63941.77,26323.862
425,5d67094db819aa4fe202f16f,601228.SH,20181221,4.1,4.1,4.06,4.07,4.11,-0.04,-0.9732,50759.32,20691.41
426,5d67094db819aa4fe202f16e,601228.SH,20181224,4.06,4.09,4.06,4.09,4.07,0.02,0.4914,36563.61,14905.884
427,5d67094db819aa4fe202f16d,601228.SH,20181225,4.06,4.06,3.92,4.0,4.09,-0.09,-2.2005,88421.22,35193.403
428,5d67094db819aa4fe202f16c,601228.SH,20181226,3.96,4.02,3.96,3.97,4.0,-0.03,-0.75,36170.26,14405.777
429,5d67094db819aa4fe202f16b,601228.SH,20181227,4.03,4.04,3.92,3.93,3.97,-0.04,-1.0076,64619.0,25662.347
430,5d67094db819aa4fe202f16a,601228.SH,20181228,3.93,3.97,3.93,3.96,3.93,0.03,0.7634,46443.0,18333.49
431,5d67094db819aa4fe202f169,601228.SH,20190102,3.98,3.98,3.93,3.95,3.96,-0.01,-0.2525,32218.0,12718.925
432,5d67094db819aa4fe202f168,601228.SH,20190103,3.95,3.98,3.94,3.96,3.95,0.01,0.2532,35464.0,14034.781
433,5d67094db819aa4fe202f167,601228.SH,20190104,3.93,4.03,3.9,4.03,3.96,0.07,1.7677,78445.65,31225.825
434,5d67094db819aa4fe202f166,601228.SH,20190107,4.03,4.06,4.02,4.05,4.03,0.02,0.4963,68680.78,27755.71
435,5d67094db819aa4fe202f165,601228.SH,20190108,4.05,4.16,4.02,4.08,4.05,0.03,0.7407,117557.39,48260.104
436,5d67094db819aa4fe202f164,601228.SH,20190109,4.07,4.12,4.03,4.05,4.08,-0.03,-0.7353,98714.7,40293.663
437,5d67094db819aa4fe202f163,601228.SH,20190110,4.06,4.09,4.01,4.03,4.05,-0.02,-0.4938,59780.0,24185.563
438,5d67094db819aa4fe202f162,601228.SH,20190111,4.04,4.06,4.03,4.06,4.03,0.03,0.7444,45882.0,18561.385
439,5d67094db819aa4fe202f161,601228.SH,20190114,4.06,4.1,4.03,4.04,4.06,-0.02,-0.4926,46067.89,18655.668
440,5d67094db819aa4fe202f160,601228.SH,20190115,4.03,4.07,4.02,4.07,4.04,0.03,0.7426,50447.3,20440.849
441,5d67094db819aa4fe202f15f,601228.SH,20190116,4.07,4.1,4.05,4.08,4.07,0.01,0.2457,79369.29,32386.672
442,5d67094db819aa4fe202f15e,601228.SH,20190117,4.07,4.1,4.03,4.04,4.08,-0.04,-0.9804,57622.0,23330.54
443,5d67094db819aa4fe202f15d,601228.SH,20190118,4.05,4.1,4.03,4.07,4.04,0.03,0.7426,63254.62,25693.236
444,5d67094db819aa4fe202f15c,601228.SH,20190121,4.08,4.1,4.04,4.05,4.07,-0.02,-0.4914,93241.89,37881.066
445,5d67094db819aa4fe202f15b,601228.SH,20190122,4.05,4.05,4.0,4.0,4.05,-0.05,-1.2346,58255.0,23425.436
446,5d67094db819aa4fe202f15a,601228.SH,20190123,3.99,4.03,3.97,4.0,4.0,0.0,0.0,47135.0,18857.516
447,5d67094db819aa4fe202f159,601228.SH,20190124,3.99,4.02,3.96,4.01,4.0,0.01,0.25,55881.93,22340.699
448,5d67094db819aa4fe202f158,601228.SH,20190125,4.01,4.02,3.98,3.98,4.01,-0.03,-0.7481,43997.18,17591.318
449,5d67094db819aa4fe202f157,601228.SH,20190128,4.0,4.02,3.98,3.99,3.98,0.01,0.2513,50159.0,20069.603
450,5d67094db819aa4fe202f156,601228.SH,20190129,3.98,4.0,3.91,3.94,3.99,-0.05,-1.2531,61694.39,24360.922
451,5d67094db819aa4fe202f155,601228.SH,20190130,3.96,3.96,3.92,3.94,3.94,0.0,0.0,37918.32,14941.813
452,5d67094db819aa4fe202f154,601228.SH,20190131,3.94,3.95,3.9,3.91,3.94,-0.03,-0.7614,70406.7,27620.369
453,5d67094db819aa4fe202f153,601228.SH,20190201,3.94,4.03,3.91,4.03,3.91,0.12,3.0691,72071.53,28615.453
454,5d67094db819aa4fe202f152,601228.SH,20190211,4.03,4.06,4.0,4.05,4.03,0.02,0.4963,72216.2,29132.598
455,5d67094db819aa4fe202f151,601228.SH,20190212,4.05,4.25,4.03,4.17,4.05,0.12,2.963,243644.08,101086.48
456,5d67094db819aa4fe202f150,601228.SH,20190213,4.13,4.19,4.12,4.18,4.17,0.01,0.2398,173012.73,72073.115
457,5d67094db819aa4fe202f14f,601228.SH,20190214,4.19,4.33,4.17,4.28,4.18,0.1,2.3923,269657.13,115156.662
458,5d67094db819aa4fe202f14e,601228.SH,20190215,4.25,4.33,4.24,4.31,4.28,0.03,0.7009,173912.93,74500.879
459,5d67094db819aa4fe202f14d,601228.SH,20190218,4.44,4.48,4.33,4.4,4.31,0.09,2.0882,282039.87,123508.4
460,5d67094db819aa4fe202f14c,601228.SH,20190219,4.8,4.84,4.6,4.84,4.4,0.44,10.0,366124.57,176512.871
461,5d67094db819aa4fe202f14b,601228.SH,20190220,5.1,5.1,4.82,4.85,4.84,0.01,0.2066,866198.58,428279.1
462,5d67094db819aa4fe202f14a,601228.SH,20190221,4.7,4.8,4.61,4.7,4.85,-0.15,-3.0928,421942.02,198427.726
463,5d67094db819aa4fe202f149,601228.SH,20190222,4.69,4.73,4.58,4.72,4.7,0.02,0.4255,284990.43,132343.072
464,5d67094db819aa4fe202f148,601228.SH,20190225,4.79,4.88,4.72,4.86,4.72,0.14,2.9661,512645.46,246373.06
465,5d67094db819aa4fe202f147,601228.SH,20190226,4.86,4.9,4.74,4.77,4.86,-0.09,-1.8519,466183.7,225111.672
466,5d67094db819aa4fe202f146,601228.SH,20190227,4.76,4.82,4.66,4.71,4.77,-0.06,-1.2579,277812.0,132065.925
467,5d67094db819aa4fe202f145,601228.SH,20190228,4.73,4.89,4.72,4.81,4.71,0.1,2.1231,328916.33,158859.192
468,5d67094db819aa4fe202f144,601228.SH,20190301,4.81,4.88,4.74,4.78,4.81,-0.03,-0.6237,189214.99,90338.649
469,5d67094db819aa4fe202f143,601228.SH,20190304,4.83,4.9,4.8,4.87,4.78,0.09,1.8828,339404.17,164805.715
470,5d67094db819aa4fe202f142,601228.SH,20190305,4.83,4.89,4.81,4.89,4.87,0.02,0.4107,260880.49,126866.065
471,5d67094db819aa4fe202f141,601228.SH,20190306,4.91,5.09,4.87,5.03,4.89,0.14,2.863,482483.8,240483.862
472,5d67094db819aa4fe202f140,601228.SH,20190307,5.04,5.3,4.95,5.23,5.03,0.2,3.9761,620426.14,321758.576
473,5d67094db819aa4fe202f13f,601228.SH,20190308,5.1,5.11,4.84,4.85,5.23,-0.38,-7.2658,456657.0,227982.466
474,5d67094db819aa4fe202f13e,601228.SH,20190311,4.81,5.15,4.81,5.02,4.85,0.17,3.5052,295275.98,147839.029
475,5d67094db819aa4fe202f13d,601228.SH,20190312,5.06,5.09,4.95,5.01,5.02,-0.01,-0.1992,312983.0,156894.24
476,5d67094db819aa4fe202f13c,601228.SH,20190313,4.99,4.99,4.82,4.86,5.01,-0.15,-2.994,242649.58,119197.08
477,5d67094db819aa4fe202f13b,601228.SH,20190314,4.86,4.91,4.75,4.8,4.86,-0.06,-1.2346,176882.25,85026.234
478,5d67094db819aa4fe202f13a,601228.SH,20190315,4.83,4.9,4.81,4.86,4.8,0.06,1.25,136614.25,66310.735
479,5d67094db819aa4fe202f139,601228.SH,20190318,4.84,4.93,4.8,4.93,4.86,0.07,1.4403,168993.9,82620.33
480,5d67094db819aa4fe202f138,601228.SH,20190319,4.98,4.98,4.89,4.92,4.93,-0.01,-0.2028,150988.36,74428.818
481,5d67094db819aa4fe202f137,601228.SH,20190320,4.93,5.0,4.85,5.0,4.92,0.08,1.626,256573.45,126583.181
482,5d67094db819aa4fe202f136,601228.SH,20190321,5.03,5.09,4.98,5.01,5.0,0.01,0.2,304324.44,153062.134
483,5d67094db819aa4fe202f135,601228.SH,20190322,5.0,5.2,4.92,5.11,5.01,0.1,1.996,467675.87,237970.236
484,5d67094db819aa4fe202f134,601228.SH,20190325,5.0,5.04,4.94,4.95,5.11,-0.16,-3.1311,271211.0,135310.801
485,5d67094db819aa4fe202f133,601228.SH,20190326,4.95,5.2,4.81,4.99,4.95,0.04,0.8081,379894.57,189864.034
486,5d67094db819aa4fe202f132,601228.SH,20190327,4.99,5.15,4.92,5.14,4.99,0.15,3.006,509350.85,258054.351
487,5d67094db819aa4fe202f131,601228.SH,20190328,5.04,5.42,5.02,5.12,5.14,-0.02,-0.3891,689212.64,358734.438
488,5d67094db819aa4fe202f130,601228.SH,20190329,5.01,5.13,4.91,5.07,5.12,-0.05,-0.9766,410970.37,206431.283
489,5d67094db819aa4fe202f12f,601228.SH,20190401,5.09,5.29,5.06,5.27,5.07,0.2,3.9448,546016.41,283293.239
490,5d67094db819aa4fe202f12e,601228.SH,20190402,5.36,5.39,5.15,5.19,5.27,-0.08,-1.518,409929.55,214452.823
491,5d67094db819aa4fe202f12d,601228.SH,20190403,5.13,5.32,5.1,5.3,5.19,0.11,2.1195,519008.54,272874.031
492,5d67094db819aa4fe202f12c,601228.SH,20190404,5.36,5.4,5.2,5.25,5.3,-0.05,-0.9434,403952.65,213407.781
493,5d67094db819aa4fe202f12b,601228.SH,20190408,5.25,5.26,5.05,5.15,5.25,-0.1,-1.9048,341328.85,176414.453
494,5d67094db819aa4fe202f12a,601228.SH,20190409,5.15,5.19,5.06,5.12,5.15,-0.03,-0.5825,184439.39,94531.165
495,5d67094db819aa4fe202f129,601228.SH,20190410,5.08,5.15,5.06,5.15,5.12,0.03,0.5859,178754.43,91352.039
496,5d67094db819aa4fe202f128,601228.SH,20190411,5.13,5.2,5.05,5.06,5.15,-0.09,-1.7476,178783.01,91448.44
497,5d67094db819aa4fe202f127,601228.SH,20190412,5.06,5.1,5.01,5.07,5.06,0.01,0.1976,135442.47,68328.218
498,5d67094db819aa4fe202f126,601228.SH,20190415,5.1,5.22,5.1,5.14,5.07,0.07,1.3807,294630.79,152301.167
499,5d67094db819aa4fe202f125,601228.SH,20190416,5.1,5.16,5.05,5.16,5.14,0.02,0.3891,199761.14,102172.743
500,5d67094db819aa4fe202f124,601228.SH,20190417,5.17,5.17,5.1,5.15,5.16,-0.01,-0.1938,182194.26,93619.969
501,5d67094db819aa4fe202f123,601228.SH,20190418,5.15,5.17,5.06,5.09,5.15,-0.06,-1.165,167806.55,85662.12
502,5d67094db819aa4fe202f122,601228.SH,20190419,5.09,5.11,5.05,5.11,5.09,0.02,0.3929,122995.85,62555.601
503,5d67094db819aa4fe202f121,601228.SH,20190422,5.11,5.12,4.99,5.0,5.11,-0.11,-2.1526,153130.0,77297.978
504,5d67094db819aa4fe202f120,601228.SH,20190423,5.0,5.02,4.81,4.87,5.0,-0.13,-2.6,155594.68,76642.989
505,5d67094db819aa4fe202f11f,601228.SH,20190424,4.88,4.92,4.85,4.92,4.87,0.05,1.0267,99426.0,48592.568
506,5d67094db819aa4fe202f11e,601228.SH,20190425,4.98,5.09,4.8,4.86,4.92,-0.06,-1.2195,196044.93,97493.076
507,5d67094db819aa4fe202f11d,601228.SH,20190426,4.83,4.93,4.8,4.81,4.86,-0.05,-1.0288,113025.57,54803.716
508,5d67094db819aa4fe202f11c,601228.SH,20190429,4.81,4.84,4.55,4.6,4.81,-0.21,-4.3659,139818.26,65241.297
509,5d67094db819aa4fe202f11b,601228.SH,20190430,4.64,4.71,4.62,4.67,4.6,0.07,1.5217,83469.75,38989.409
510,5d67094db819aa4fe202f11a,601228.SH,20190506,4.45,4.52,4.23,4.31,4.67,-0.36,-7.7088,176783.75,77257.445
511,5d67094db819aa4fe202f119,601228.SH,20190507,4.28,4.38,4.26,4.3,4.31,-0.01,-0.232,97089.06,41894.445
512,5d67094db819aa4fe202f118,601228.SH,20190508,4.22,4.33,4.19,4.32,4.3,0.02,0.4651,86347.37,36973.904
513,5d67094db819aa4fe202f117,601228.SH,20190509,4.31,4.31,4.2,4.22,4.32,-0.1,-2.3148,88226.7,37431.059
514,5d67094db819aa4fe202f116,601228.SH,20190510,4.24,4.32,4.15,4.3,4.22,0.08,1.8957,119661.0,51154.324
515,5d67094db819aa4fe202f115,601228.SH,20190513,4.29,4.31,4.23,4.26,4.3,-0.04,-0.9302,71558.0,30553.576
516,5d67094db819aa4fe202f114,601228.SH,20190514,4.2,4.28,4.16,4.21,4.26,-0.05,-1.1737,66594.58,28149.693
517,5d67094db819aa4fe202f113,601228.SH,20190515,4.25,4.34,4.23,4.29,4.21,0.08,1.9002,103646.28,44421.727
518,5d67094db819aa4fe202f112,601228.SH,20190516,4.27,4.32,4.26,4.3,4.29,0.01,0.2331,85683.84,36810.024
519,5d67094db819aa4fe202f111,601228.SH,20190517,4.31,4.4,4.22,4.25,4.3,-0.05,-1.1628,159535.6,68848.073
520,5d67094db819aa4fe202f110,601228.SH,20190520,4.27,4.27,4.06,4.17,4.25,-0.08,-1.8824,92476.72,38405.892
521,5d67094db819aa4fe202f10f,601228.SH,20190521,4.2,4.27,4.18,4.24,4.17,0.07,1.6787,82310.0,34830.034
522,5d67094db819aa4fe202f10e,601228.SH,20190522,4.24,4.24,4.15,4.17,4.24,-0.07,-1.6509,72080.04,30184.953
523,5d67094db819aa4fe202f10d,601228.SH,20190523,4.15,4.18,4.11,4.12,4.17,-0.05,-1.199,50615.0,20955.244
524,5d67094db819aa4fe202f10c,601228.SH,20190524,4.09,4.16,4.09,4.12,4.12,0.0,0.0,43170.8,17802.102
525,5d67094db819aa4fe202f10b,601228.SH,20190527,4.12,4.18,4.09,4.18,4.12,0.06,1.4563,53812.4,22336.653
526,5d67094db819aa4fe202f10a,601228.SH,20190528,4.18,4.23,4.14,4.17,4.18,-0.01,-0.2392,55267.11,23141.944
527,5d67094db819aa4fe202f109,601228.SH,20190529,4.14,4.18,4.12,4.15,4.17,-0.02,-0.4796,48379.07,20101.287
528,5d67094db819aa4fe202f108,601228.SH,20190530,4.13,4.17,4.12,4.15,4.15,0.0,0.0,49105.93,20351.895
529,5d67094db819aa4fe202f107,601228.SH,20190531,4.15,4.19,4.12,4.13,4.15,-0.02,-0.4819,54261.24,22532.685
530,5d67094db819aa4fe202f106,601228.SH,20190603,4.13,4.19,4.12,4.15,4.13,0.02,0.4843,68582.81,28436.975
531,5d67094db819aa4fe202f105,601228.SH,20190604,4.15,4.19,4.1,4.12,4.15,-0.03,-0.7229,83112.8,34359.042
532,5d67094db819aa4fe202f104,601228.SH,20190605,4.16,4.17,4.11,4.11,4.12,-0.01,-0.2427,59691.87,24632.122
533,5d67094db819aa4fe202f103,601228.SH,20190606,4.11,4.12,4.01,4.02,4.11,-0.09,-2.1898,76724.0,31057.593
534,5d67094db819aa4fe202f102,601228.SH,20190610,4.03,4.05,4.02,4.04,4.02,0.02,0.4975,39850.32,16086.413
535,5d67094db819aa4fe202f101,601228.SH,20190611,4.05,4.14,4.03,4.14,4.04,0.1,2.4752,84971.77,34854.154
536,5d67094db819aa4fe202f100,601228.SH,20190612,4.13,4.14,4.09,4.11,4.14,-0.03,-0.7246,57935.92,23841.321
537,5d67094db819aa4fe202f0ff,601228.SH,20190613,4.1,4.11,4.07,4.1,4.11,-0.01,-0.2433,68602.3,28065.007
538,5d67094db819aa4fe202f0fe,601228.SH,20190614,4.09,4.11,4.04,4.05,4.1,-0.05,-1.2195,82351.64,33542.009
539,5d67094db819aa4fe202f0fd,601228.SH,20190617,4.05,4.07,4.02,4.05,4.05,0.0,0.0,56708.88,22936.163
540,5d67094db819aa4fe202f0fc,601228.SH,20190618,4.04,4.05,4.02,4.04,4.05,-0.01,-0.2469,47716.69,19262.46
541,5d67094db819aa4fe202f0fb,601228.SH,20190619,4.1,4.15,4.08,4.12,4.04,0.08,1.9802,112132.99,46064.621
542,5d67094db819aa4fe202f0fa,601228.SH,20190620,4.1,4.17,4.07,4.15,4.12,0.03,0.7282,112315.34,46371.779
543,5d67094db819aa4fe202f0f9,601228.SH,20190621,4.17,4.2,4.15,4.19,4.15,0.04,0.9639,103912.96,43439.49
544,5d67094db819aa4fe202f0f8,601228.SH,20190624,4.19,4.2,4.15,4.16,4.19,-0.03,-0.716,61344.14,25580.498
545,5d67094db819aa4fe202f0f7,601228.SH,20190625,4.15,4.17,4.07,4.13,4.16,-0.03,-0.7212,70500.44,29071.145
546,5d67094db819aa4fe202f0f6,601228.SH,20190626,4.11,4.14,4.11,4.13,4.13,0.0,0.0,40960.0,16915.961
547,5d67094db819aa4fe202f0f5,601228.SH,20190627,4.12,4.14,4.1,4.11,4.1,0.01,0.2439,50123.63,20616.428
548,5d67094db819aa4fe202f0f4,601228.SH,20190628,4.09,4.22,4.05,4.18,4.11,0.07,1.7032,174891.44,72673.943
549,5d67094db819aa4fe202f0f3,601228.SH,20190701,4.22,4.29,4.2,4.23,4.18,0.05,1.1962,160557.65,67884.241
550,5d67094db819aa4fe202f0f2,601228.SH,20190702,4.22,4.22,4.18,4.2,4.23,-0.03,-0.7092,80022.43,33557.479
551,5d67094db819aa4fe202f0f1,601228.SH,20190703,4.18,4.2,4.11,4.14,4.2,-0.06,-1.4286,91462.8,37870.012
552,5d67094db819aa4fe202f0f0,601228.SH,20190704,4.15,4.18,4.14,4.15,4.14,0.01,0.2415,62355.39,25930.966
553,5d67094db819aa4fe202f0ef,601228.SH,20190705,4.16,4.22,4.16,4.18,4.15,0.03,0.7229,78197.19,32729.764
554,5d67094db819aa4fe202f0ee,601228.SH,20190708,4.19,4.22,4.06,4.11,4.18,-0.07,-1.6746,128195.28,52982.558
555,5d67094db819aa4fe202f0ed,601228.SH,20190709,4.06,4.1,4.06,4.08,4.11,-0.03,-0.7299,65393.16,26662.1
556,5d67094db819aa4fe202f0ec,601228.SH,20190710,4.09,4.1,4.03,4.06,4.08,-0.02,-0.4902,60836.0,24674.652
557,5d67094db819aa4fe202f0eb,601228.SH,20190711,4.06,4.1,4.04,4.06,4.06,0.0,0.0,59084.0,24043.815
558,5d67094db819aa4fe202f0ea,601228.SH,20190712,4.05,4.09,4.04,4.06,4.06,0.0,0.0,44917.0,18251.74
559,5d67094db819aa4fe202f0e9,601228.SH,20190715,4.05,4.08,4.01,4.07,4.06,0.01,0.2463,64730.06,26190.659
560,5d67094db819aa4fe202f0e8,601228.SH,20190716,4.06,4.08,4.05,4.08,4.07,0.01,0.2457,51493.92,20944.212
561,5d67094db819aa4fe202f0e7,601228.SH,20190717,4.06,4.08,4.05,4.07,4.08,-0.01,-0.2451,50611.57,20593.145
562,5d67094db819aa4fe202f0e6,601228.SH,20190718,4.05,4.06,4.02,4.02,4.07,-0.05,-1.2285,58432.23,23562.136
563,5d67094db819aa4fe202f0e5,601228.SH,20190719,4.02,4.07,4.02,4.05,4.02,0.03,0.7463,47582.84,19255.966
564,5d67094db819aa4fe202f0e4,601228.SH,20190722,4.04,4.05,3.98,3.99,4.05,-0.06,-1.4815,71705.83,28679.117
565,5d67094db819aa4fe202f0e3,601228.SH,20190723,3.99,4.02,3.99,4.01,3.99,0.02,0.5013,43459.49,17386.295
566,5d67094db819aa4fe202f0e2,601228.SH,20190724,4.01,4.06,4.0,4.03,4.01,0.02,0.4988,61648.78,24884.839
567,5d67094db819aa4fe202f0e1,601228.SH,20190725,4.01,4.06,4.01,4.04,4.03,0.01,0.2481,48520.64,19606.334
568,5d67094db819aa4fe202f0e0,601228.SH,20190726,4.04,4.06,4.01,4.06,4.04,0.02,0.495,70502.4,28418.242
569,5d67094db819aa4fe202f0df,601228.SH,20190729,4.04,4.06,4.03,4.04,4.06,-0.02,-0.4926,47103.93,19031.286
570,5d67094db819aa4fe202f0de,601228.SH,20190730,4.04,4.06,4.03,4.04,4.04,0.0,0.0,48525.0,19645.224
571,5d67094db819aa4fe202f0dd,601228.SH,20190731,4.03,4.06,4.02,4.04,4.04,0.0,0.0,37767.16,15257.706
572,5d67094db819aa4fe202f0dc,601228.SH,20190801,4.03,4.04,4.0,4.03,4.04,-0.01,-0.2475,43262.89,17378.549
573,5d67094db819aa4fe202f0db,601228.SH,20190802,4.01,4.01,3.93,3.95,4.03,-0.08,-1.9851,83867.22,33172.557
574,5d67094db819aa4fe202f0da,601228.SH,20190805,3.94,3.96,3.91,3.92,3.95,-0.03,-0.7595,47215.13,18568.565
575,5d67094db819aa4fe202f0d9,601228.SH,20190806,3.88,3.88,3.66,3.77,3.92,-0.15,-3.8265,106370.97,40102.968
576,5d67094db819aa4fe202f0d8,601228.SH,20190807,3.78,3.82,3.71,3.71,3.77,-0.06,-1.5915,52329.5,19611.913
577,5d67094db819aa4fe202f0d7,601228.SH,20190808,3.75,3.75,3.71,3.72,3.71,0.01,0.2695,35588.26,13258.513
578,5d67094db819aa4fe202f0d6,601228.SH,20190809,3.74,3.75,3.69,3.69,3.72,-0.03,-0.8065,36480.5,13533.781
579,5d67094db819aa4fe202f0d5,601228.SH,20190812,3.7,3.73,3.68,3.73,3.69,0.04,1.084,37400.85,13877.752
580,5d67094db819aa4fe202f0d4,601228.SH,20190813,3.72,3.95,3.7,3.81,3.73,0.08,2.1448,94750.75,36187.301
581,5d67094db819aa4fe202f0d3,601228.SH,20190814,3.83,3.87,3.8,3.81,3.81,0.0,0.0,60804.1,23327.994
582,5d67094db819aa4fe202f0d2,601228.SH,20190815,3.73,3.78,3.71,3.76,3.81,-0.05,-1.3123,47225.02,17666.978
583,5d67094db819aa4fe202f0d1,601228.SH,20190816,3.78,3.79,3.75,3.76,3.76,0.0,0.0,32735.17,12345.694
584,5d67094db819aa4fe202f0d0,601228.SH,20190819,3.91,4.02,3.87,3.92,3.76,0.16,4.2553,135217.35,53095.366
585,5d67094db819aa4fe202f0cf,601228.SH,20190820,3.92,3.98,3.9,3.92,3.92,0.0,0.0,92581.0,36514.966
586,5d67094db819aa4fe202f0ce,601228.SH,20190821,3.92,3.99,3.9,3.94,3.92,0.02,0.5102,85865.92,33956.856
587,5d67094db819aa4fe202f0cd,601228.SH,20190822,3.94,3.96,3.89,3.92,3.94,-0.02,-0.5076,66461.19,25972.972
588,5d67094db819aa4fe202f0cc,601228.SH,20190823,3.9,3.91,3.85,3.86,3.92,-0.06,-1.5306,57170.09,22162.163
589,5d67094db819aa4fe202f0cb,601228.SH,20190826,3.78,3.82,3.75,3.8,3.86,-0.06,-1.5544,56782.35,21524.938
590,5d67094db819aa4fe202f0ca,601228.SH,20190827,3.82,3.88,3.82,3.85,3.8,0.05,1.3158,49407.0,19047.736
591,5d67094db819aa4fe202f0c9,601228.SH,20190828,3.85,3.87,3.82,3.85,3.85,0.0,0.0,37647.85,14486.25
592,5d67e4cfaf2ad9781c381f1b,601228.SH,20190829,3.86,3.86,3.82,3.84,3.85,-0.01,-0.2597,42860.3,16458.649
